date,amount,merchant,category,account_id,description
2023-01-01,-4.25,Local Coffee,Coffee,acc_001,Coffee purchase
2023-01-01,-30,Uber,Rideshare,acc_001,Weekend ride
2023-01-02,1800,Employer,Income,acc_001,Salary deposit
2023-01-02,-25,Gym Membership,Subscriptions,acc_001,Bi-weekly subscription
2023-01-02,-52.99,Adobe Creative,Subscriptions,acc_001,Quarterly subscription
2023-01-02,-139,Amazon Prime,Subscriptions,acc_001,Annual subscription
2023-01-02,-3.5,Starbucks,Coffee,acc_001,Coffee purchase
2023-01-02,-12,Lyft,Rideshare,acc_001,Weekend ride
2023-01-03,-12.99,Blue Apron,Subscriptions,acc_001,Weekly subscription
2023-01-03,-4.25,Local Coffee,Coffee,acc_001,Coffee purchase
2023-01-04,-45,Cleaning Service,Subscriptions,acc_001,Bi-weekly subscription
2023-01-04,-4.25,Starbucks,Coffee,acc_001,Coffee purchase
2023-01-05,-14.99,HelloFresh,Subscriptions,acc_001,Weekly subscription
2023-01-05,-4.25,Local Coffee,Coffee,acc_001,Coffee purchase
2023-01-05,-5.5,Local Coffee,Coffee,acc_001,Coffee purchase
2023-01-07,-25,Sweetgreen,Restaurants,acc_001,Friday dinner
2023-01-08,-5.5,Starbucks,Coffee,acc_001,Coffee purchase
2023-01-08,-24,Lyft,Rideshare,acc_001,Weekend ride
2023-01-08,-96,Whole Foods,Groceries,acc_001,Grocery shopping
2023-01-09,-12,Uber,Rideshare,acc_001,Weekend ride
2023-01-10,-12.99,Blue Apron,Subscriptions,acc_001,Weekly subscription
2023-01-10,-3.5,Dunkin,Coffee,acc_001,Coffee purchase
2023-01-10,-5.5,Local Coffee,Coffee,acc_001,Coffee purchase
2023-01-11,-4.25,Starbucks,Coffee,acc_001,Coffee purchase
2023-01-11,-5.5,Starbucks,Coffee,acc_001,Coffee purchase
2023-01-11,-120,Whole Foods,Groceries,acc_001,Grocery shopping
2023-01-12,-14.99,HelloFresh,Subscriptions,acc_001,Weekly subscription
2023-01-12,-3.5,Dunkin,Coffee,acc_001,Coffee purchase
2023-01-13,-3.5,Local Coffee,Coffee,acc_001,Coffee purchase
2023-01-14,-4.25,Local Coffee,Coffee,acc_001,Coffee purchase
2023-01-14,-25,Chipotle,Restaurants,acc_001,Friday dinner
2023-01-15,-18,Lyft,Rideshare,acc_001,Weekend ride
2023-01-15,-55,Whole Foods,Groceries,acc_001,Grocery shopping
2023-01-16,1800,Employer,Income,acc_001,Salary deposit
2023-01-16,-15.99,Netflix,Subscriptions,acc_001,Monthly subscription
2023-01-16,-25,Gym Membership,Subscriptions,acc_001,Bi-weekly subscription
2023-01-16,-29.99,Microsoft 365,Subscriptions,acc_001,Quarterly subscription
2023-01-16,-3.5,Dunkin,Coffee,acc_001,Coffee purchase
2023-01-16,-4.25,Starbucks,Coffee,acc_001,Coffee purchase
2023-01-16,-24,Uber,Rideshare,acc_001,Weekend ride
2023-01-17,-10.99,Spotify,Subscriptions,acc_001,Monthly subscription
2023-01-17,-12.99,Blue Apron,Subscriptions,acc_001,Weekly subscription
2023-01-17,-3.5,Dunkin,Coffee,acc_001,Coffee purchase
2023-01-18,-2.99,Apple iCloud,Subscriptions,acc_001,Monthly subscription
2023-01-18,-45,Cleaning Service,Subscriptions,acc_001,Bi-weekly subscription
2023-01-18,-4.25,Starbucks,Coffee,acc_001,Coffee purchase
2023-01-19,-14.99,HelloFresh,Subscriptions,acc_001,Weekly subscription
2023-01-21,-4.25,Dunkin,Coffee,acc_001,Coffee purchase
2023-01-21,-55,Whole Foods,Groceries,acc_001,Grocery shopping
2023-01-21,-60,Sweetgreen,Restaurants,acc_001,Friday dinner
2023-01-22,-30,Lyft,Rideshare,acc_001,Weekend ride
2023-01-22,-120,Whole Foods,Groceries,acc_001,Grocery shopping
2023-01-23,-4.25,Local Coffee,Coffee,acc_001,Coffee purchase
2023-01-23,-5.5,Starbucks,Coffee,acc_001,Coffee purchase
2023-01-24,-12.99,Blue Apron,Subscriptions,acc_001,Weekly subscription
2023-01-24,-3.5,Dunkin,Coffee,acc_001,Coffee purchase
2023-01-24,-5.5,Local Coffee,Coffee,acc_001,Coffee purchase
2023-01-25,-4.25,Dunkin,Coffee,acc_001,Coffee purchase
2023-01-26,-14.99,HelloFresh,Subscriptions,acc_001,Weekly subscription
2023-01-26,-3.5,Local Coffee,Coffee,acc_001,Coffee purchase
2023-01-27,-3.5,Dunkin,Coffee,acc_001,Coffee purchase
2023-01-27,-4.25,Local Coffee,Coffee,acc_001,Coffee purchase
2023-01-28,-60,Chipotle,Restaurants,acc_001,Friday dinner
2023-01-29,-5.5,Starbucks,Coffee,acc_001,Coffee purchase
2023-01-29,-24,Uber,Rideshare,acc_001,Weekend ride
2023-01-29,-72,Whole Foods,Groceries,acc_001,Grocery shopping
2023-01-31,-12.99,Blue Apron,Subscriptions,acc_001,Weekly subscription
2023-01-31,-5.5,Local Coffee,Coffee,acc_001,Coffee purchase
2023-01-31,-120,Whole Foods,Groceries,acc_001,Grocery shopping
2023-02-02,1800,Employer,Income,acc_001,Salary deposit
2023-02-02,-14.99,HelloFresh,Subscriptions,acc_001,Weekly subscription
2023-02-02,-25,Gym Membership,Subscriptions,acc_001,Bi-weekly subscription
2023-02-02,-60,Costco Membership,Subscriptions,acc_001,Annual subscription
2023-02-02,-5.5,Local Coffee,Coffee,acc_001,Coffee purchase
2023-02-02,-5.5,Starbucks,Coffee,acc_001,Coffee purchase
2023-02-03,-4.25,Dunkin,Coffee,acc_001,Coffee purchase
2023-02-03,-4.25,Starbucks,Coffee,acc_001,Coffee purchase
2023-02-04,-45,Cleaning Service,Subscriptions,acc_001,Bi-weekly subscription
2023-02-04,-4.25,Starbucks,Coffee,acc_001,Coffee purchase
2023-02-04,-4.25,Local Coffee,Coffee,acc_001,Coffee purchase
2023-02-04,-45,Local Bistro,Restaurants,acc_001,Friday dinner
2023-02-05,-3.5,Dunkin,Coffee,acc_001,Coffee purchase
2023-02-06,-3.5,Local Coffee,Coffee,acc_001,Coffee purchase
2023-02-06,-12,Lyft,Rideshare,acc_001,Weekend ride
2023-02-07,-12.99,Blue Apron,Subscriptions,acc_001,Weekly subscription
2023-02-07,-3.5,Local Coffee,Coffee,acc_001,Coffee purchase
2023-02-07,-3.5,Local Coffee,Coffee,acc_001,Coffee purchase
2023-02-08,-3.5,Local Coffee,Coffee,acc_001,Coffee purchase
2023-02-08,-5.5,Local Coffee,Coffee,acc_001,Coffee purchase
2023-02-08,-55,Whole Foods,Groceries,acc_001,Grocery shopping
2023-02-09,-14.99,HelloFresh,Subscriptions,acc_001,Weekly subscription
2023-02-09,-3.5,Local Coffee,Coffee,acc_001,Coffee purchase
2023-02-09,-4.25,Local Coffee,Coffee,acc_001,Coffee purchase
2023-02-10,-4.25,Dunkin,Coffee,acc_001,Coffee purchase
2023-02-11,-4.25,Starbucks,Coffee,acc_001,Coffee purchase
2023-02-11,-4.25,Local Coffee,Coffee,acc_001,Coffee purchase
2023-02-11,-120,Whole Foods,Groceries,acc_001,Grocery shopping
2023-02-11,-45,Local Bistro,Restaurants,acc_001,Friday dinner
2023-02-12,-5.5,Local Coffee,Coffee,acc_001,Coffee purchase
2023-02-12,-3.5,Local Coffee,Coffee,acc_001,Coffee purchase
2023-02-12,-30,Lyft,Rideshare,acc_001,Weekend ride
2023-02-13,-4.25,Dunkin,Coffee,acc_001,Coffee purchase
2023-02-13,-30,Lyft,Rideshare,acc_001,Weekend ride
2023-02-14,-12.99,Blue Apron,Subscriptions,acc_001,Weekly subscription
2023-02-14,-3.5,Local Coffee,Coffee,acc_001,Coffee purchase
2023-02-15,-5.5,Starbucks,Coffee,acc_001,Coffee purchase
2023-02-15,-4.25,Starbucks,Coffee,acc_001,Coffee purchase
2023-02-15,-120,Whole Foods,Groceries,acc_001,Grocery shopping
2023-02-16,1800,Employer,Income,acc_001,Salary deposit
2023-02-16,-15.99,Netflix,Subscriptions,acc_001,Monthly subscription
2023-02-16,-14.99,HelloFresh,Subscriptions,acc_001,Weekly subscription
2023-02-16,-25,Gym Membership,Subscriptions,acc_001,Bi-weekly subscription
2023-02-16,-4.25,Local Coffee,Coffee,acc_001,Coffee purchase
2023-02-17,-10.99,Spotify,Subscriptions,acc_001,Monthly subscription
2023-02-17,-5.5,Starbucks,Coffee,acc_001,Coffee purchase
2023-02-18,-2.99,Apple iCloud,Subscriptions,acc_001,Monthly subscription
2023-02-18,-45,Cleaning Service,Subscriptions,acc_001,Bi-weekly subscription
2023-02-18,-4.25,Local Coffee,Coffee,acc_001,Coffee purchase
2023-02-19,-3.5,Local Coffee,Coffee,acc_001,Coffee purchase
2023-02-19,-12,Lyft,Rideshare,acc_001,Weekend ride
2023-02-21,-12.99,Blue Apron,Subscriptions,acc_001,Weekly subscription
2023-02-21,-4.25,Starbucks,Coffee,acc_001,Coffee purchase
2023-02-21,-5.5,Local Coffee,Coffee,acc_001,Coffee purchase
2023-02-21,-55,Whole Foods,Groceries,acc_001,Grocery shopping
2023-02-22,-96,Whole Foods,Groceries,acc_001,Grocery shopping
2023-02-23,-14.99,HelloFresh,Subscriptions,acc_001,Weekly subscription
2023-02-23,-4.25,Starbucks,Coffee,acc_001,Coffee purchase
2023-02-24,-3.5,Dunkin,Coffee,acc_001,Coffee purchase
2023-02-25,-25,Sweetgreen,Restaurants,acc_001,Friday dinner
2023-02-26,-3.5,Dunkin,Coffee,acc_001,Coffee purchase
2023-02-27,-3.5,Local Coffee,Coffee,acc_001,Coffee purchase
2023-02-28,-12.99,Blue Apron,Subscriptions,acc_001,Weekly subscription
2023-03-01,-4.25,Starbucks,Coffee,acc_001,Coffee purchase
2023-03-01,-5.5,Dunkin,Coffee,acc_001,Coffee purchase
2023-03-01,-96,Whole Foods,Groceries,acc_001,Grocery shopping
2023-03-02,1800,Employer,Income,acc_001,Salary deposit
2023-03-02,-14.99,HelloFresh,Subscriptions,acc_001,Weekly subscription
2023-03-02,-25,Gym Membership,Subscriptions,acc_001,Bi-weekly subscription
2023-03-02,-4.25,Dunkin,Coffee,acc_001,Coffee purchase
2023-03-03,-5.5,Dunkin,Coffee,acc_001,Coffee purchase
2023-03-03,-5.5,Starbucks,Coffee,acc_001,Coffee purchase
2023-03-04,-45,Cleaning Service,Subscriptions,acc_001,Bi-weekly subscription
2023-03-04,-3.5,Local Coffee,Coffee,acc_001,Coffee purchase
2023-03-05,-5.5,Starbucks,Coffee,acc_001,Coffee purchase
2023-03-05,-12,Lyft,Rideshare,acc_001,Weekend ride
2023-03-06,-24,Lyft,Rideshare,acc_001,Weekend ride
2023-03-07,-12.99,Blue Apron,Subscriptions,acc_001,Weekly subscription
2023-03-07,-4.25,Local Coffee,Coffee,acc_001,Coffee purchase
2023-03-07,-3.5,Local Coffee,Coffee,acc_001,Coffee purchase
2023-03-08,-4.25,Starbucks,Coffee,acc_001,Coffee purchase
2023-03-08,-3.5,Local Coffee,Coffee,acc_001,Coffee purchase
2023-03-08,-72,Whole Foods,Groceries,acc_001,Grocery shopping
2023-03-09,-14.99,HelloFresh,Subscriptions,acc_001,Weekly subscription
2023-03-11,-3.5,Dunkin,Coffee,acc_001,Coffee purchase
2023-03-11,-120,Whole Foods,Groceries,acc_001,Grocery shopping
2023-03-12,-3.5,Dunkin,Coffee,acc_001,Coffee purchase
2023-03-12,-12,Uber,Rideshare,acc_001,Weekend ride
2023-03-12,-3.5,Local Coffee,Coffee,acc_001,Coffee purchase
2023-03-12,-30,Lyft,Rideshare,acc_001,Weekend ride
2023-03-13,-12.99,Blue Apron,Subscriptions,acc_001,Weekly subscription
2023-03-13,-5.5,Starbucks,Coffee,acc_001,Coffee purchase
2023-03-14,-4.25,Local Coffee,Coffee,acc_001,Coffee purchase
2023-03-14,-3.5,Local Coffee,Coffee,acc_001,Coffee purchase
2023-03-14,-96,Whole Foods,Groceries,acc_001,Grocery shopping
2023-03-15,1800,Employer,Income,acc_001,Salary deposit
2023-03-15,-15.99,Netflix,Subscriptions,acc_001,Monthly subscription
2023-03-15,-14.99,HelloFresh,Subscriptions,acc_001,Weekly subscription
2023-03-15,-25,Gym Membership,Subscriptions,acc_001,Bi-weekly subscription
2023-03-15,-4.25,Starbucks,Coffee,acc_001,Coffee purchase
2023-03-16,-10.99,Spotify,Subscriptions,acc_001,Monthly subscription
2023-03-16,-5.5,Dunkin,Coffee,acc_001,Coffee purchase
2023-03-17,-2.99,Apple iCloud,Subscriptions,acc_001,Monthly subscription
2023-03-17,-45,Cleaning Service,Subscriptions,acc_001,Bi-weekly subscription
2023-03-17,-5.5,Dunkin,Coffee,acc_001,Coffee purchase
2023-03-17,-60,Sweetgreen,Restaurants,acc_001,Friday dinner
2023-03-18,-3.5,Starbucks,Coffee,acc_001,Coffee purchase
2023-03-18,-30,Lyft,Rideshare,acc_001,Weekend ride
2023-03-19,-5.5,Starbucks,Coffee,acc_001,Coffee purchase
2023-03-19,-4.25,Local Coffee,Coffee,acc_001,Coffee purchase
2023-03-19,-24,Lyft,Rideshare,acc_001,Weekend ride
2023-03-20,-12.99,Blue Apron,Subscriptions,acc_001,Weekly subscription
2023-03-20,-4.25,Starbucks,Coffee,acc_001,Coffee purchase
2023-03-20,-4.25,Dunkin,Coffee,acc_001,Coffee purchase
2023-03-20,-72,Whole Foods,Groceries,acc_001,Grocery shopping
2023-03-21,-4.25,Dunkin,Coffee,acc_001,Coffee purchase
2023-03-21,-3.5,Starbucks,Coffee,acc_001,Coffee purchase
2023-03-21,-55,Whole Foods,Groceries,acc_001,Grocery shopping
2023-03-22,-14.99,HelloFresh,Subscriptions,acc_001,Weekly subscription
2023-03-22,-5.5,Dunkin,Coffee,acc_001,Coffee purchase
2023-03-23,-5.5,Local Coffee,Coffee,acc_001,Coffee purchase
2023-03-24,-3.5,Starbucks,Coffee,acc_001,Coffee purchase
2023-03-24,-3.5,Dunkin,Coffee,acc_001,Coffee purchase
2023-03-25,-4.25,Starbucks,Coffee,acc_001,Coffee purchase
2023-03-25,-5.5,Local Coffee,Coffee,acc_001,Coffee purchase
2023-03-25,-24,Uber,Rideshare,acc_001,Weekend ride
2023-03-27,-12.99,Blue Apron,Subscriptions,acc_001,Weekly subscription
2023-03-27,-3.5,Dunkin,Coffee,acc_001,Coffee purchase
2023-03-27,-3.5,Dunkin,Coffee,acc_001,Coffee purchase
2023-03-28,-72,Whole Foods,Groceries,acc_001,Grocery shopping
2023-03-29,-14.99,HelloFresh,Subscriptions,acc_001,Weekly subscription
2023-03-30,-5.5,Starbucks,Coffee,acc_001,Coffee purchase
2023-03-30,-96,Whole Foods,Groceries,acc_001,Grocery shopping
2023-03-31,-25,Chipotle,Restaurants,acc_001,Friday dinner
2023-04-01,1800,Employer,Income,acc_001,Salary deposit
2023-04-01,-25,Gym Membership,Subscriptions,acc_001,Bi-weekly subscription
2023-04-01,-52.99,Adobe Creative,Subscriptions,acc_001,Quarterly subscription
2023-04-02,-3.5,Starbucks,Coffee,acc_001,Coffee purchase
2023-04-02,-12,Lyft,Rideshare,acc_001,Weekend ride
2023-04-03,-12.99,Blue Apron,Subscriptions,acc_001,Weekly subscription
2023-04-03,-45,Cleaning Service,Subscriptions,acc_001,Bi-weekly subscription
2023-04-03,-5.5,Local Coffee,Coffee,acc_001,Coffee purchase
2023-04-04,-4.25,Local Coffee,Coffee,acc_001,Coffee purchase
2023-04-05,-14.99,HelloFresh,Subscriptions,acc_001,Weekly subscription
2023-04-05,-3.5,Local Coffee,Coffee,acc_001,Coffee purchase
2023-04-06,-5.5,Starbucks,Coffee,acc_001,Coffee purchase
2023-04-06,-4.25,Starbucks,Coffee,acc_001,Coffee purchase
2023-04-07,-96,Whole Foods,Groceries,acc_001,Grocery shopping
2023-04-07,-32,Sweetgreen,Restaurants,acc_001,Friday dinner
2023-04-08,-5.5,Dunkin,Coffee,acc_001,Coffee purchase
2023-04-08,-12,Uber,Rideshare,acc_001,Weekend ride
2023-04-09,-4.25,Starbucks,Coffee,acc_001,Coffee purchase
2023-04-09,-12,Lyft,Rideshare,acc_001,Weekend ride
2023-04-10,-12.99,Blue Apron,Subscriptions,acc_001,Weekly subscription
2023-04-10,-4.25,Dunkin,Coffee,acc_001,Coffee purchase
2023-04-10,-120,Whole Foods,Groceries,acc_001,Grocery shopping
2023-04-11,-5.5,Local Coffee,Coffee,acc_001,Coffee purchase
2023-04-12,-14.99,HelloFresh,Subscriptions,acc_001,Weekly subscription
2023-04-12,-5.5,Dunkin,Coffee,acc_001,Coffee purchase
2023-04-12,-4.25,Local Coffee,Coffee,acc_001,Coffee purchase
2023-04-13,-4.25,Starbucks,Coffee,acc_001,Coffee purchase
2023-04-14,-4.25,Starbucks,Coffee,acc_001,Coffee purchase
2023-04-14,-4.25,Starbucks,Coffee,acc_001,Coffee purchase
2023-04-14,-120,Whole Foods,Groceries,acc_001,Grocery shopping
2023-04-14,-45,Local Bistro,Restaurants,acc_001,Friday dinner
2023-04-15,1800,Employer,Income,acc_001,Salary deposit
2023-04-15,-15.99,Netflix,Subscriptions,acc_001,Monthly subscription
2023-04-15,-25,Gym Membership,Subscriptions,acc_001,Bi-weekly subscription
2023-04-15,-29.99,Microsoft 365,Subscriptions,acc_001,Quarterly subscription
2023-04-16,-10.99,Spotify,Subscriptions,acc_001,Monthly subscription
2023-04-16,-4.25,Dunkin,Coffee,acc_001,Coffee purchase
2023-04-17,-2.99,Apple iCloud,Subscriptions,acc_001,Monthly subscription
2023-04-17,-12.99,Blue Apron,Subscriptions,acc_001,Weekly subscription
2023-04-17,-45,Cleaning Service,Subscriptions,acc_001,Bi-weekly subscription
2023-04-17,-5.5,Local Coffee,Coffee,acc_001,Coffee purchase
2023-04-17,-4.25,Dunkin,Coffee,acc_001,Coffee purchase
2023-04-18,-3.5,Dunkin,Coffee,acc_001,Coffee purchase
2023-04-18,-4.25,Local Coffee,Coffee,acc_001,Coffee purchase
2023-04-19,-14.99,HelloFresh,Subscriptions,acc_001,Weekly subscription
2023-04-19,-3.5,Dunkin,Coffee,acc_001,Coffee purchase
2023-04-20,-3.5,Local Coffee,Coffee,acc_001,Coffee purchase
2023-04-20,-4.25,Starbucks,Coffee,acc_001,Coffee purchase
2023-04-20,-96,Whole Foods,Groceries,acc_001,Grocery shopping
2023-04-21,-72,Whole Foods,Groceries,acc_001,Grocery shopping
2023-04-21,-60,Local Bistro,Restaurants,acc_001,Friday dinner
2023-04-22,-3.5,Dunkin,Coffee,acc_001,Coffee purchase
2023-04-22,-30,Lyft,Rideshare,acc_001,Weekend ride
2023-04-23,-4.25,Dunkin,Coffee,acc_001,Coffee purchase
2023-04-23,-3.5,Dunkin,Coffee,acc_001,Coffee purchase
2023-04-23,-18,Uber,Rideshare,acc_001,Weekend ride
2023-04-24,-12.99,Blue Apron,Subscriptions,acc_001,Weekly subscription
2023-04-24,-4.25,Local Coffee,Coffee,acc_001,Coffee purchase
2023-04-25,-3.5,Starbucks,Coffee,acc_001,Coffee purchase
2023-04-26,-14.99,HelloFresh,Subscriptions,acc_001,Weekly subscription
2023-04-26,-3.5,Local Coffee,Coffee,acc_001,Coffee purchase
2023-04-26,-4.25,Starbucks,Coffee,acc_001,Coffee purchase
2023-04-27,-4.25,Starbucks,Coffee,acc_001,Coffee purchase
2023-04-27,-3.5,Local Coffee,Coffee,acc_001,Coffee purchase
2023-04-28,-96,Whole Foods,Groceries,acc_001,Grocery shopping
2023-04-29,-3.5,Dunkin,Coffee,acc_001,Coffee purchase
2023-04-30,-4.25,Dunkin,Coffee,acc_001,Coffee purchase
2023-04-30,-72,Whole Foods,Groceries,acc_001,Grocery shopping
2023-05-01,1800,Employer,Income,acc_001,Salary deposit
2023-05-01,-12.99,Blue Apron,Subscriptions,acc_001,Weekly subscription
2023-05-01,-25,Gym Membership,Subscriptions,acc_001,Bi-weekly subscription
2023-05-01,-3.5,Local Coffee,Coffee,acc_001,Coffee purchase
2023-05-02,-4.25,Dunkin,Coffee,acc_001,Coffee purchase
2023-05-03,-14.99,HelloFresh,Subscriptions,acc_001,Weekly subscription
2023-05-03,-45,Cleaning Service,Subscriptions,acc_001,Bi-weekly subscription
2023-05-04,-5.5,Starbucks,Coffee,acc_001,Coffee purchase
2023-05-05,-5.5,Local Coffee,Coffee,acc_001,Coffee purchase
2023-05-05,-45,Chipotle,Restaurants,acc_001,Friday dinner
2023-05-06,-5.5,Starbucks,Coffee,acc_001,Coffee purchase
2023-05-06,-3.5,Local Coffee,Coffee,acc_001,Coffee purchase
2023-05-06,-12,Uber,Rideshare,acc_001,Weekend ride
2023-05-07,-5.5,Dunkin,Coffee,acc_001,Coffee purchase
2023-05-07,-120,Whole Foods,Groceries,acc_001,Grocery shopping
2023-05-08,-12.99,Blue Apron,Subscriptions,acc_001,Weekly subscription
2023-05-09,-5.5,Starbucks,Coffee,acc_001,Coffee purchase
2023-05-10,-14.99,HelloFresh,Subscriptions,acc_001,Weekly subscription
2023-05-10,-4.25,Starbucks,Coffee,acc_001,Coffee purchase
2023-05-10,-4.25,Starbucks,Coffee,acc_001,Coffee purchase
2023-05-10,-96,Whole Foods,Groceries,acc_001,Grocery shopping
2023-05-11,-5.5,Local Coffee,Coffee,acc_001,Coffee purchase
2023-05-12,-4.25,Local Coffee,Coffee,acc_001,Coffee purchase
2023-05-12,-32,Sweetgreen,Restaurants,acc_001,Friday dinner
2023-05-13,-5.5,Starbucks,Coffee,acc_001,Coffee purchase
2023-05-13,-3.5,Starbucks,Coffee,acc_001,Coffee purchase
2023-05-14,-12,Uber,Rideshare,acc_001,Weekend ride
2023-05-14,-96,Whole Foods,Groceries,acc_001,Grocery shopping
2023-05-15,1800,Employer,Income,acc_001,Salary deposit
2023-05-15,-15.99,Netflix,Subscriptions,acc_001,Monthly subscription
2023-05-15,-12.99,Blue Apron,Subscriptions,acc_001,Weekly subscription
2023-05-15,-25,Gym Membership,Subscriptions,acc_001,Bi-weekly subscription
2023-05-15,-3.5,Starbucks,Coffee,acc_001,Coffee purchase
2023-05-16,-10.99,Spotify,Subscriptions,acc_001,Monthly subscription
2023-05-16,-5.5,Starbucks,Coffee,acc_001,Coffee purchase
2023-05-17,-2.99,Apple iCloud,Subscriptions,acc_001,Monthly subscription
2023-05-17,-14.99,HelloFresh,Subscriptions,acc_001,Weekly subscription
2023-05-17,-45,Cleaning Service,Subscriptions,acc_001,Bi-weekly subscription
2023-05-17,-4.25,Starbucks,Coffee,acc_001,Coffee purchase
2023-05-18,-4.25,Local Coffee,Coffee,acc_001,Coffee purchase
2023-05-18,-5.5,Dunkin,Coffee,acc_001,Coffee purchase
2023-05-19,-3.5,Dunkin,Coffee,acc_001,Coffee purchase
2023-05-19,-5.5,Local Coffee,Coffee,acc_001,Coffee purchase
2023-05-20,-3.5,Starbucks,Coffee,acc_001,Coffee purchase
2023-05-20,-24,Uber,Rideshare,acc_001,Weekend ride
2023-05-20,-55,Whole Foods,Groceries,acc_001,Grocery shopping
2023-05-21,-4.25,Dunkin,Coffee,acc_001,Coffee purchase
2023-05-21,-18,Lyft,Rideshare,acc_001,Weekend ride
2023-05-21,-72,Whole Foods,Groceries,acc_001,Grocery shopping
2023-05-22,-12.99,Blue Apron,Subscriptions,acc_001,Weekly subscription
2023-05-22,-5.5,Dunkin,Coffee,acc_001,Coffee purchase
2023-05-24,-14.99,HelloFresh,Subscriptions,acc_001,Weekly subscription
2023-05-24,-3.5,Starbucks,Coffee,acc_001,Coffee purchase
2023-05-26,-5.5,Dunkin,Coffee,acc_001,Coffee purchase
2023-05-26,-25,Chipotle,Restaurants,acc_001,Friday dinner
2023-05-27,-3.5,Dunkin,Coffee,acc_001,Coffee purchase
2023-05-27,-5.5,Dunkin,Coffee,acc_001,Coffee purchase
2023-05-27,-24,Lyft,Rideshare,acc_001,Weekend ride
2023-05-28,-5.5,Dunkin,Coffee,acc_001,Coffee purchase
2023-05-28,-18,Lyft,Rideshare,acc_001,Weekend ride
2023-05-28,-120,Whole Foods,Groceries,acc_001,Grocery shopping
2023-05-29,-12.99,Blue Apron,Subscriptions,acc_001,Weekly subscription
2023-05-29,-4.25,Dunkin,Coffee,acc_001,Coffee purchase
2023-05-29,-5.5,Dunkin,Coffee,acc_001,Coffee purchase
2023-05-30,-5.5,Starbucks,Coffee,acc_001,Coffee purchase
2023-05-30,-55,Whole Foods,Groceries,acc_001,Grocery shopping
2023-05-31,-14.99,HelloFresh,Subscriptions,acc_001,Weekly subscription
2023-06-01,1800,Employer,Income,acc_001,Salary deposit
2023-06-01,-25,Gym Membership,Subscriptions,acc_001,Bi-weekly subscription
2023-06-01,-5.5,Local Coffee,Coffee,acc_001,Coffee purchase
2023-06-01,-3.5,Local Coffee,Coffee,acc_001,Coffee purchase
2023-06-02,-32,Local Bistro,Restaurants,acc_001,Friday dinner
2023-06-03,-45,Cleaning Service,Subscriptions,acc_001,Bi-weekly subscription
2023-06-04,-3.5,Starbucks,Coffee,acc_001,Coffee purchase
2023-06-04,-3.5,Starbucks,Coffee,acc_001,Coffee purchase
2023-06-04,-12,Uber,Rideshare,acc_001,Weekend ride
2023-06-05,-12.99,Blue Apron,Subscriptions,acc_001,Weekly subscription
2023-06-05,-3.5,Local Coffee,Coffee,acc_001,Coffee purchase
2023-06-06,-5.5,Dunkin,Coffee,acc_001,Coffee purchase
2023-06-06,-5.5,Starbucks,Coffee,acc_001,Coffee purchase
2023-06-07,-14.99,HelloFresh,Subscriptions,acc_001,Weekly subscription
2023-06-07,-4.25,Starbucks,Coffee,acc_001,Coffee purchase
2023-06-07,-4.25,Starbucks,Coffee,acc_001,Coffee purchase
2023-06-07,-120,Whole Foods,Groceries,acc_001,Grocery shopping
2023-06-08,-3.5,Starbucks,Coffee,acc_001,Coffee purchase
2023-06-09,-5.5,Local Coffee,Coffee,acc_001,Coffee purchase
2023-06-09,-45,Local Bistro,Restaurants,acc_001,Friday dinner
2023-06-10,-3.5,Dunkin,Coffee,acc_001,Coffee purchase
2023-06-10,-4.25,Local Coffee,Coffee,acc_001,Coffee purchase
2023-06-10,-55,Whole Foods,Groceries,acc_001,Grocery shopping
2023-06-11,-5.5,Dunkin,Coffee,acc_001,Coffee purchase
2023-06-11,-24,Lyft,Rideshare,acc_001,Weekend ride
2023-06-12,-12.99,Blue Apron,Subscriptions,acc_001,Weekly subscription
2023-06-12,-5.5,Local Coffee,Coffee,acc_001,Coffee purchase
2023-06-13,-5.5,Dunkin,Coffee,acc_001,Coffee purchase
2023-06-14,-14.99,HelloFresh,Subscriptions,acc_001,Weekly subscription
2023-06-14,-4.25,Local Coffee,Coffee,acc_001,Coffee purchase
2023-06-14,-96,Whole Foods,Groceries,acc_001,Grocery shopping
2023-06-15,1800,Employer,Income,acc_001,Salary deposit
2023-06-15,-15.99,Netflix,Subscriptions,acc_001,Monthly subscription
2023-06-15,-25,Gym Membership,Subscriptions,acc_001,Bi-weekly subscription
2023-06-16,-10.99,Spotify,Subscriptions,acc_001,Monthly subscription
2023-06-16,-25,Sweetgreen,Restaurants,acc_001,Friday dinner
2023-06-17,-2.99,Apple iCloud,Subscriptions,acc_001,Monthly subscription
2023-06-17,-45,Cleaning Service,Subscriptions,acc_001,Bi-weekly subscription
2023-06-17,-4.25,Dunkin,Coffee,acc_001,Coffee purchase
2023-06-17,-30,Lyft,Rideshare,acc_001,Weekend ride
2023-06-18,-18,Lyft,Rideshare,acc_001,Weekend ride
2023-06-19,-12.99,Blue Apron,Subscriptions,acc_001,Weekly subscription
2023-06-19,-5.5,Dunkin,Coffee,acc_001,Coffee purchase
2023-06-19,-4.25,Starbucks,Coffee,acc_001,Coffee purchase
2023-06-20,-5.5,Local Coffee,Coffee,acc_001,Coffee purchase
2023-06-20,-3.5,Dunkin,Coffee,acc_001,Coffee purchase
2023-06-20,-55,Whole Foods,Groceries,acc_001,Grocery shopping
2023-06-21,-14.99,HelloFresh,Subscriptions,acc_001,Weekly subscription
2023-06-21,-5.5,Dunkin,Coffee,acc_001,Coffee purchase
2023-06-21,-4.25,Starbucks,Coffee,acc_001,Coffee purchase
2023-06-21,-96,Whole Foods,Groceries,acc_001,Grocery shopping
2023-06-22,-5.5,Starbucks,Coffee,acc_001,Coffee purchase
2023-06-23,-3.5,Starbucks,Coffee,acc_001,Coffee purchase
2023-06-23,-4.25,Dunkin,Coffee,acc_001,Coffee purchase
2023-06-23,-32,Local Bistro,Restaurants,acc_001,Friday dinner
2023-06-24,-4.25,Dunkin,Coffee,acc_001,Coffee purchase
2023-06-24,-30,Lyft,Rideshare,acc_001,Weekend ride
2023-06-25,-4.25,Starbucks,Coffee,acc_001,Coffee purchase
2023-06-25,-5.5,Local Coffee,Coffee,acc_001,Coffee purchase
2023-06-25,-18,Lyft,Rideshare,acc_001,Weekend ride
2023-06-26,-12.99,Blue Apron,Subscriptions,acc_001,Weekly subscription
2023-06-27,-5.5,Local Coffee,Coffee,acc_001,Coffee purchase
2023-06-28,-14.99,HelloFresh,Subscriptions,acc_001,Weekly subscription
2023-06-28,-5.5,Local Coffee,Coffee,acc_001,Coffee purchase
2023-06-28,-3.5,Starbucks,Coffee,acc_001,Coffee purchase
2023-06-28,-120,Whole Foods,Groceries,acc_001,Grocery shopping
2023-06-30,-5.5,Dunkin,Coffee,acc_001,Coffee purchase
2023-06-30,-3.5,Starbucks,Coffee,acc_001,Coffee purchase
2023-06-30,-120,Whole Foods,Groceries,acc_001,Grocery shopping
2023-06-30,-60,Sweetgreen,Restaurants,acc_001,Friday dinner
2023-07-01,1800,Employer,Income,acc_001,Salary deposit
2023-07-01,-25,Gym Membership,Subscriptions,acc_001,Bi-weekly subscription
2023-07-01,-52.99,Adobe Creative,Subscriptions,acc_001,Quarterly subscription
2023-07-01,-4.25,Starbucks,Coffee,acc_001,Coffee purchase
2023-07-01,-4.25,Starbucks,Coffee,acc_001,Coffee purchase
2023-07-01,-18,Uber,Rideshare,acc_001,Weekend ride
2023-07-02,-4.25,Starbucks,Coffee,acc_001,Coffee purchase
2023-07-02,-3.5,Local Coffee,Coffee,acc_001,Coffee purchase
2023-07-02,-24,Lyft,Rideshare,acc_001,Weekend ride
2023-07-03,-12.99,Blue Apron,Subscriptions,acc_001,Weekly subscription
2023-07-03,-45,Cleaning Service,Subscriptions,acc_001,Bi-weekly subscription
2023-07-03,-3.5,Local Coffee,Coffee,acc_001,Coffee purchase
2023-07-04,-5.5,Dunkin,Coffee,acc_001,Coffee purchase
2023-07-05,-14.99,HelloFresh,Subscriptions,acc_001,Weekly subscription
2023-07-05,-5.5,Dunkin,Coffee,acc_001,Coffee purchase
2023-07-05,-4.25,Local Coffee,Coffee,acc_001,Coffee purchase
2023-07-06,-3.5,Local Coffee,Coffee,acc_001,Coffee purchase
2023-07-07,-72,Whole Foods,Groceries,acc_001,Grocery shopping
2023-07-07,-25,Chipotle,Restaurants,acc_001,Friday dinner
2023-07-08,-5.5,Dunkin,Coffee,acc_001,Coffee purchase
2023-07-09,-3.5,Starbucks,Coffee,acc_001,Coffee purchase
2023-07-09,-24,Uber,Rideshare,acc_001,Weekend ride
2023-07-10,-12.99,Blue Apron,Subscriptions,acc_001,Weekly subscription
2023-07-10,-4.25,Local Coffee,Coffee,acc_001,Coffee purchase
2023-07-10,-5.5,Starbucks,Coffee,acc_001,Coffee purchase
2023-07-10,-72,Whole Foods,Groceries,acc_001,Grocery shopping
2023-07-11,-3.5,Local Coffee,Coffee,acc_001,Coffee purchase
2023-07-11,-5.5,Starbucks,Coffee,acc_001,Coffee purchase
2023-07-12,-14.99,HelloFresh,Subscriptions,acc_001,Weekly subscription
2023-07-12,-4.25,Starbucks,Coffee,acc_001,Coffee purchase
2023-07-12,-5.5,Local Coffee,Coffee,acc_001,Coffee purchase
2023-07-13,-3.5,Dunkin,Coffee,acc_001,Coffee purchase
2023-07-13,-5.5,Dunkin,Coffee,acc_001,Coffee purchase
2023-07-14,-3.5,Local Coffee,Coffee,acc_001,Coffee purchase
2023-07-14,-120,Whole Foods,Groceries,acc_001,Grocery shopping
2023-07-14,-25,Sweetgreen,Restaurants,acc_001,Friday dinner
2023-07-15,1800,Employer,Income,acc_001,Salary deposit
2023-07-15,-15.99,Netflix,Subscriptions,acc_001,Monthly subscription
2023-07-15,-25,Gym Membership,Subscriptions,acc_001,Bi-weekly subscription
2023-07-15,-29.99,Microsoft 365,Subscriptions,acc_001,Quarterly subscription
2023-07-15,-12,Uber,Rideshare,acc_001,Weekend ride
2023-07-16,-10.99,Spotify,Subscriptions,acc_001,Monthly subscription
2023-07-16,-4.25,Dunkin,Coffee,acc_001,Coffee purchase
2023-07-16,-4.25,Starbucks,Coffee,acc_001,Coffee purchase
2023-07-17,-2.99,Apple iCloud,Subscriptions,acc_001,Monthly subscription
2023-07-17,-12.99,Blue Apron,Subscriptions,acc_001,Weekly subscription
2023-07-17,-45,Cleaning Service,Subscriptions,acc_001,Bi-weekly subscription
2023-07-17,-3.5,Local Coffee,Coffee,acc_001,Coffee purchase
2023-07-18,-5.5,Local Coffee,Coffee,acc_001,Coffee purchase
2023-07-18,-3.5,Local Coffee,Coffee,acc_001,Coffee purchase
2023-07-19,-14.99,HelloFresh,Subscriptions,acc_001,Weekly subscription
2023-07-20,-3.5,Local Coffee,Coffee,acc_001,Coffee purchase
2023-07-20,-4.25,Starbucks,Coffee,acc_001,Coffee purchase
2023-07-20,-55,Whole Foods,Groceries,acc_001,Grocery shopping
2023-07-21,-3.5,Starbucks,Coffee,acc_001,Coffee purchase
2023-07-21,-3.5,Local Coffee,Coffee,acc_001,Coffee purchase
2023-07-21,-72,Whole Foods,Groceries,acc_001,Grocery shopping
2023-07-21,-45,Sweetgreen,Restaurants,acc_001,Friday dinner
2023-07-22,-12,Uber,Rideshare,acc_001,Weekend ride
2023-07-23,-3.5,Starbucks,Coffee,acc_001,Coffee purchase
2023-07-23,-4.25,Starbucks,Coffee,acc_001,Coffee purchase
2023-07-23,-24,Uber,Rideshare,acc_001,Weekend ride
2023-07-24,-12.99,Blue Apron,Subscriptions,acc_001,Weekly subscription
2023-07-24,-4.25,Dunkin,Coffee,acc_001,Coffee purchase
2023-07-26,-14.99,HelloFresh,Subscriptions,acc_001,Weekly subscription
2023-07-27,-3.5,Dunkin,Coffee,acc_001,Coffee purchase
2023-07-28,-3.5,Local Coffee,Coffee,acc_001,Coffee purchase
2023-07-28,-120,Whole Foods,Groceries,acc_001,Grocery shopping
2023-07-29,-4.25,Dunkin,Coffee,acc_001,Coffee purchase
2023-07-29,-3.5,Local Coffee,Coffee,acc_001,Coffee purchase
2023-07-29,-18,Uber,Rideshare,acc_001,Weekend ride
2023-07-30,-5.5,Local Coffee,Coffee,acc_001,Coffee purchase
2023-07-30,-4.25,Local Coffee,Coffee,acc_001,Coffee purchase
2023-07-30,-12,Uber,Rideshare,acc_001,Weekend ride
2023-07-30,-55,Whole Foods,Groceries,acc_001,Grocery shopping
2023-07-31,-12.99,Blue Apron,Subscriptions,acc_001,Weekly subscription
2023-07-31,-4.25,Dunkin,Coffee,acc_001,Coffee purchase
2023-07-31,-3.5,Dunkin,Coffee,acc_001,Coffee purchase
2023-08-01,1800,Employer,Income,acc_001,Salary deposit
2023-08-01,-25,Gym Membership,Subscriptions,acc_001,Bi-weekly subscription
2023-08-01,-5.5,Local Coffee,Coffee,acc_001,Coffee purchase
2023-08-02,-14.99,HelloFresh,Subscriptions,acc_001,Weekly subscription
2023-08-02,-4.25,Local Coffee,Coffee,acc_001,Coffee purchase
2023-08-03,-45,Cleaning Service,Subscriptions,acc_001,Bi-weekly subscription
2023-08-04,-4.25,Starbucks,Coffee,acc_001,Coffee purchase
2023-08-05,-24,Lyft,Rideshare,acc_001,Weekend ride
2023-08-06,-5.5,Starbucks,Coffee,acc_001,Coffee purchase
2023-08-06,-5.5,Starbucks,Coffee,acc_001,Coffee purchase
2023-08-06,-24,Lyft,Rideshare,acc_001,Weekend ride
2023-08-07,-12.99,Blue Apron,Subscriptions,acc_001,Weekly subscription
2023-08-07,-4.25,Local Coffee,Coffee,acc_001,Coffee purchase
2023-08-07,-3.5,Local Coffee,Coffee,acc_001,Coffee purchase
2023-08-07,-96,Whole Foods,Groceries,acc_001,Grocery shopping
2023-08-08,-5.5,Local Coffee,Coffee,acc_001,Coffee purchase
2023-08-09,-14.99,HelloFresh,Subscriptions,acc_001,Weekly subscription
2023-08-09,-3.5,Local Coffee,Coffee,acc_001,Coffee purchase
2023-08-10,-4.25,Dunkin,Coffee,acc_001,Coffee purchase
2023-08-10,-120,Whole Foods,Groceries,acc_001,Grocery shopping
2023-08-11,-4.25,Local Coffee,Coffee,acc_001,Coffee purchase
2023-08-11,-45,Chipotle,Restaurants,acc_001,Friday dinner
2023-08-12,-4.25,Dunkin,Coffee,acc_001,Coffee purchase
2023-08-12,-24,Lyft,Rideshare,acc_001,Weekend ride
2023-08-13,-5.5,Local Coffee,Coffee,acc_001,Coffee purchase
2023-08-13,-24,Lyft,Rideshare,acc_001,Weekend ride
2023-08-14,-12.99,Blue Apron,Subscriptions,acc_001,Weekly subscription
2023-08-14,-3.5,Starbucks,Coffee,acc_001,Coffee purchase
2023-08-14,-3.5,Dunkin,Coffee,acc_001,Coffee purchase
2023-08-14,-96,Whole Foods,Groceries,acc_001,Grocery shopping
2023-08-15,1800,Employer,Income,acc_001,Salary deposit
2023-08-15,-15.99,Netflix,Subscriptions,acc_001,Monthly subscription
2023-08-15,-25,Gym Membership,Subscriptions,acc_001,Bi-weekly subscription
2023-08-15,-4.25,Dunkin,Coffee,acc_001,Coffee purchase
2023-08-16,-10.99,Spotify,Subscriptions,acc_001,Monthly subscription
2023-08-16,-14.99,HelloFresh,Subscriptions,acc_001,Weekly subscription
2023-08-17,-2.99,Apple iCloud,Subscriptions,acc_001,Monthly subscription
2023-08-17,-45,Cleaning Service,Subscriptions,acc_001,Bi-weekly subscription
2023-08-17,-5.5,Local Coffee,Coffee,acc_001,Coffee purchase
2023-08-17,-3.5,Local Coffee,Coffee,acc_001,Coffee purchase
2023-08-18,-4.25,Starbucks,Coffee,acc_001,Coffee purchase
2023-08-19,-4.25,Starbucks,Coffee,acc_001,Coffee purchase
2023-08-19,-4.25,Starbucks,Coffee,acc_001,Coffee purchase
2023-08-20,-72,Whole Foods,Groceries,acc_001,Grocery shopping
2023-08-21,-12.99,Blue Apron,Subscriptions,acc_001,Weekly subscription
2023-08-21,-5.5,Starbucks,Coffee,acc_001,Coffee purchase
2023-08-21,-55,Whole Foods,Groceries,acc_001,Grocery shopping
2023-08-23,-14.99,HelloFresh,Subscriptions,acc_001,Weekly subscription
2023-08-24,-3.5,Local Coffee,Coffee,acc_001,Coffee purchase
2023-08-25,-5.5,Starbucks,Coffee,acc_001,Coffee purchase
2023-08-25,-25,Chipotle,Restaurants,acc_001,Friday dinner
2023-08-26,-4.25,Starbucks,Coffee,acc_001,Coffee purchase
2023-08-26,-18,Uber,Rideshare,acc_001,Weekend ride
2023-08-27,-3.5,Starbucks,Coffee,acc_001,Coffee purchase
2023-08-27,-12,Uber,Rideshare,acc_001,Weekend ride
2023-08-28,-12.99,Blue Apron,Subscriptions,acc_001,Weekly subscription
2023-08-28,-5.5,Dunkin,Coffee,acc_001,Coffee purchase
2023-08-28,-72,Whole Foods,Groceries,acc_001,Grocery shopping
2023-08-29,-4.25,Starbucks,Coffee,acc_001,Coffee purchase
2023-08-29,-3.5,Dunkin,Coffee,acc_001,Coffee purchase
2023-08-30,-14.99,HelloFresh,Subscriptions,acc_001,Weekly subscription
2023-08-30,-96,Whole Foods,Groceries,acc_001,Grocery shopping
2023-08-31,-5.5,Dunkin,Coffee,acc_001,Coffee purchase
2023-08-31,-4.25,Dunkin,Coffee,acc_001,Coffee purchase
2023-09-01,1800,Employer,Income,acc_001,Salary deposit
2023-09-01,-25,Gym Membership,Subscriptions,acc_001,Bi-weekly subscription
2023-09-01,-3.5,Starbucks,Coffee,acc_001,Coffee purchase
2023-09-01,-5.5,Starbucks,Coffee,acc_001,Coffee purchase
2023-09-01,-32,Chipotle,Restaurants,acc_001,Friday dinner
2023-09-03,-45,Cleaning Service,Subscriptions,acc_001,Bi-weekly subscription
2023-09-03,-12,Uber,Rideshare,acc_001,Weekend ride
2023-09-04,-12.99,Blue Apron,Subscriptions,acc_001,Weekly subscription
2023-09-04,-5.5,Local Coffee,Coffee,acc_001,Coffee purchase
2023-09-05,-4.25,Dunkin,Coffee,acc_001,Coffee purchase
2023-09-05,-5.5,Starbucks,Coffee,acc_001,Coffee purchase
2023-09-06,-14.99,HelloFresh,Subscriptions,acc_001,Weekly subscription
2023-09-06,-4.25,Starbucks,Coffee,acc_001,Coffee purchase
2023-09-06,-5.5,Dunkin,Coffee,acc_001,Coffee purchase
2023-09-07,-3.5,Dunkin,Coffee,acc_001,Coffee purchase
2023-09-07,-72,Whole Foods,Groceries,acc_001,Grocery shopping
2023-09-08,-3.5,Local Coffee,Coffee,acc_001,Coffee purchase
2023-09-09,-3.5,Starbucks,Coffee,acc_001,Coffee purchase
2023-09-09,-30,Uber,Rideshare,acc_001,Weekend ride
2023-09-10,-3.5,Dunkin,Coffee,acc_001,Coffee purchase
2023-09-10,-30,Lyft,Rideshare,acc_001,Weekend ride
2023-09-10,-55,Whole Foods,Groceries,acc_001,Grocery shopping
2023-09-11,-12.99,Blue Apron,Subscriptions,acc_001,Weekly subscription
2023-09-11,-3.5,Dunkin,Coffee,acc_001,Coffee purchase
2023-09-11,-4.25,Starbucks,Coffee,acc_001,Coffee purchase
2023-09-12,-5.5,Starbucks,Coffee,acc_001,Coffee purchase
2023-09-13,-14.99,HelloFresh,Subscriptions,acc_001,Weekly subscription
2023-09-13,-5.5,Dunkin,Coffee,acc_001,Coffee purchase
2023-09-13,-3.5,Local Coffee,Coffee,acc_001,Coffee purchase
2023-09-14,-72,Whole Foods,Groceries,acc_001,Grocery shopping
2023-09-15,1800,Employer,Income,acc_001,Salary deposit
2023-09-15,-15.99,Netflix,Subscriptions,acc_001,Monthly subscription
2023-09-15,-25,Gym Membership,Subscriptions,acc_001,Bi-weekly subscription
2023-09-15,-3.5,Local Coffee,Coffee,acc_001,Coffee purchase
2023-09-15,-5.5,Local Coffee,Coffee,acc_001,Coffee purchase
2023-09-15,-60,Sweetgreen,Restaurants,acc_001,Friday dinner
2023-09-16,-10.99,Spotify,Subscriptions,acc_001,Monthly subscription
2023-09-16,-12,Lyft,Rideshare,acc_001,Weekend ride
2023-09-17,-2.99,Apple iCloud,Subscriptions,acc_001,Monthly subscription
2023-09-17,-45,Cleaning Service,Subscriptions,acc_001,Bi-weekly subscription
2023-09-17,-4.25,Local Coffee,Coffee,acc_001,Coffee purchase
2023-09-17,-24,Lyft,Rideshare,acc_001,Weekend ride
2023-09-18,-12.99,Blue Apron,Subscriptions,acc_001,Weekly subscription
2023-09-18,-5.5,Starbucks,Coffee,acc_001,Coffee purchase
2023-09-20,-14.99,HelloFresh,Subscriptions,acc_001,Weekly subscription
2023-09-20,-3.5,Local Coffee,Coffee,acc_001,Coffee purchase
2023-09-20,-72,Whole Foods,Groceries,acc_001,Grocery shopping
2023-09-21,-5.5,Dunkin,Coffee,acc_001,Coffee purchase
2023-09-21,-55,Whole Foods,Groceries,acc_001,Grocery shopping
2023-09-22,-3.5,Starbucks,Coffee,acc_001,Coffee purchase
2023-09-22,-32,Chipotle,Restaurants,acc_001,Friday dinner
2023-09-23,-3.5,Dunkin,Coffee,acc_001,Coffee purchase
2023-09-23,-12,Uber,Rideshare,acc_001,Weekend ride
2023-09-24,-5.5,Local Coffee,Coffee,acc_001,Coffee purchase
2023-09-24,-4.25,Local Coffee,Coffee,acc_001,Coffee purchase
2023-09-24,-18,Lyft,Rideshare,acc_001,Weekend ride
2023-09-25,-12.99,Blue Apron,Subscriptions,acc_001,Weekly subscription
2023-09-25,-5.5,Local Coffee,Coffee,acc_001,Coffee purchase
2023-09-26,-5.5,Dunkin,Coffee,acc_001,Coffee purchase
2023-09-27,-14.99,HelloFresh,Subscriptions,acc_001,Weekly subscription
2023-09-28,-5.5,Local Coffee,Coffee,acc_001,Coffee purchase
2023-09-28,-5.5,Local Coffee,Coffee,acc_001,Coffee purchase
2023-09-28,-120,Whole Foods,Groceries,acc_001,Grocery shopping
2023-09-29,-5.5,Dunkin,Coffee,acc_001,Coffee purchase
2023-09-29,-25,Sweetgreen,Restaurants,acc_001,Friday dinner
2023-09-30,-3.5,Dunkin,Coffee,acc_001,Coffee purchase
2023-09-30,-5.5,Local Coffee,Coffee,acc_001,Coffee purchase
2023-09-30,-72,Whole Foods,Groceries,acc_001,Grocery shopping
2023-10-01,1800,Employer,Income,acc_001,Salary deposit
2023-10-01,-25,Gym Membership,Subscriptions,acc_001,Bi-weekly subscription
2023-10-01,-52.99,Adobe Creative,Subscriptions,acc_001,Quarterly subscription
2023-10-01,-4.25,Dunkin,Coffee,acc_001,Coffee purchase
2023-10-01,-30,Uber,Rideshare,acc_001,Weekend ride
2023-10-02,-12.99,Blue Apron,Subscriptions,acc_001,Weekly subscription
2023-10-02,-4.25,Starbucks,Coffee,acc_001,Coffee purchase
2023-10-03,-45,Cleaning Service,Subscriptions,acc_001,Bi-weekly subscription
2023-10-03,-5.5,Starbucks,Coffee,acc_001,Coffee purchase
2023-10-04,-14.99,HelloFresh,Subscriptions,acc_001,Weekly subscription
2023-10-04,-3.5,Local Coffee,Coffee,acc_001,Coffee purchase
2023-10-05,-3.5,Starbucks,Coffee,acc_001,Coffee purchase
2023-10-06,-5.5,Starbucks,Coffee,acc_001,Coffee purchase
2023-10-07,-4.25,Dunkin,Coffee,acc_001,Coffee purchase
2023-10-07,-4.25,Starbucks,Coffee,acc_001,Coffee purchase
2023-10-07,-12,Lyft,Rideshare,acc_001,Weekend ride
2023-10-07,-120,Whole Foods,Groceries,acc_001,Grocery shopping
2023-10-08,-5.5,Starbucks,Coffee,acc_001,Coffee purchase
2023-10-09,-12.99,Blue Apron,Subscriptions,acc_001,Weekly subscription
2023-10-09,-4.25,Dunkin,Coffee,acc_001,Coffee purchase
2023-10-09,-4.25,Starbucks,Coffee,acc_001,Coffee purchase
2023-10-10,-5.5,Local Coffee,Coffee,acc_001,Coffee purchase
2023-10-10,-55,Whole Foods,Groceries,acc_001,Grocery shopping
2023-10-11,-14.99,HelloFresh,Subscriptions,acc_001,Weekly subscription
2023-10-11,-4.25,Local Coffee,Coffee,acc_001,Coffee purchase
2023-10-13,-3.5,Starbucks,Coffee,acc_001,Coffee purchase
2023-10-13,-25,Chipotle,Restaurants,acc_001,Friday dinner
2023-10-14,-5.5,Starbucks,Coffee,acc_001,Coffee purchase
2023-10-14,-12,Uber,Rideshare,acc_001,Weekend ride
2023-10-14,-96,Whole Foods,Groceries,acc_001,Grocery shopping
2023-10-15,1800,Employer,Income,acc_001,Salary deposit
2023-10-15,-15.99,Netflix,Subscriptions,acc_001,Monthly subscription
2023-10-15,-25,Gym Membership,Subscriptions,acc_001,Bi-weekly subscription
2023-10-15,-29.99,Microsoft 365,Subscriptions,acc_001,Quarterly subscription
2023-10-15,-4.25,Starbucks,Coffee,acc_001,Coffee purchase
2023-10-15,-24,Uber,Rideshare,acc_001,Weekend ride
2023-10-16,-10.99,Spotify,Subscriptions,acc_001,Monthly subscription
2023-10-16,-12.99,Blue Apron,Subscriptions,acc_001,Weekly subscription
2023-10-17,-2.99,Apple iCloud,Subscriptions,acc_001,Monthly subscription
2023-10-17,-45,Cleaning Service,Subscriptions,acc_001,Bi-weekly subscription
2023-10-17,-5.5,Local Coffee,Coffee,acc_001,Coffee purchase
2023-10-17,-4.25,Local Coffee,Coffee,acc_001,Coffee purchase
2023-10-18,-14.99,HelloFresh,Subscriptions,acc_001,Weekly subscription
2023-10-18,-4.25,Starbucks,Coffee,acc_001,Coffee purchase
2023-10-18,-4.25,Dunkin,Coffee,acc_001,Coffee purchase
2023-10-19,-5.5,Starbucks,Coffee,acc_001,Coffee purchase
2023-10-20,-55,Whole Foods,Groceries,acc_001,Grocery shopping
2023-10-20,-32,Local Bistro,Restaurants,acc_001,Friday dinner
2023-10-21,-3.5,Local Coffee,Coffee,acc_001,Coffee purchase
2023-10-21,-12,Lyft,Rideshare,acc_001,Weekend ride
2023-10-21,-96,Whole Foods,Groceries,acc_001,Grocery shopping
2023-10-22,-3.5,Local Coffee,Coffee,acc_001,Coffee purchase
2023-10-22,-4.25,Local Coffee,Coffee,acc_001,Coffee purchase
2023-10-22,-30,Uber,Rideshare,acc_001,Weekend ride
2023-10-23,-12.99,Blue Apron,Subscriptions,acc_001,Weekly subscription
2023-10-23,-5.5,Starbucks,Coffee,acc_001,Coffee purchase
2023-10-24,-3.5,Local Coffee,Coffee,acc_001,Coffee purchase
2023-10-25,-14.99,HelloFresh,Subscriptions,acc_001,Weekly subscription
2023-10-25,-3.5,Dunkin,Coffee,acc_001,Coffee purchase
2023-10-26,-5.5,Starbucks,Coffee,acc_001,Coffee purchase
2023-10-26,-5.5,Starbucks,Coffee,acc_001,Coffee purchase
2023-10-27,-4.25,Local Coffee,Coffee,acc_001,Coffee purchase
2023-10-27,-4.25,Dunkin,Coffee,acc_001,Coffee purchase
2023-10-27,-60,Sweetgreen,Restaurants,acc_001,Friday dinner
2023-10-28,-5.5,Starbucks,Coffee,acc_001,Coffee purchase
2023-10-28,-3.5,Local Coffee,Coffee,acc_001,Coffee purchase
2023-10-28,-18,Uber,Rideshare,acc_001,Weekend ride
2023-10-28,-72,Whole Foods,Groceries,acc_001,Grocery shopping
2023-10-29,-5.5,Starbucks,Coffee,acc_001,Coffee purchase
2023-10-29,-30,Lyft,Rideshare,acc_001,Weekend ride
2023-10-30,-12.99,Blue Apron,Subscriptions,acc_001,Weekly subscription
2023-10-30,-5.5,Starbucks,Coffee,acc_001,Coffee purchase
2023-10-30,-96,Whole Foods,Groceries,acc_001,Grocery shopping
2023-10-31,-3.5,Local Coffee,Coffee,acc_001,Coffee purchase
2023-11-01,1800,Employer,Income,acc_001,Salary deposit
2023-11-01,-14.99,HelloFresh,Subscriptions,acc_001,Weekly subscription
2023-11-01,-25,Gym Membership,Subscriptions,acc_001,Bi-weekly subscription
2023-11-01,-4.25,Starbucks,Coffee,acc_001,Coffee purchase
2023-11-02,-4.25,Starbucks,Coffee,acc_001,Coffee purchase
2023-11-03,-45,Cleaning Service,Subscriptions,acc_001,Bi-weekly subscription
2023-11-03,-5.5,Dunkin,Coffee,acc_001,Coffee purchase
2023-11-03,-3.5,Dunkin,Coffee,acc_001,Coffee purchase
2023-11-03,-45,Local Bistro,Restaurants,acc_001,Friday dinner
2023-11-06,-3.5,Dunkin,Coffee,acc_001,Coffee purchase
2023-11-06,-24,Lyft,Rideshare,acc_001,Weekend ride
2023-11-07,-12.99,Blue Apron,Subscriptions,acc_001,Weekly subscription
2023-11-07,-4.25,Dunkin,Coffee,acc_001,Coffee purchase
2023-11-07,-4.25,Local Coffee,Coffee,acc_001,Coffee purchase
2023-11-08,-3.5,Starbucks,Coffee,acc_001,Coffee purchase
2023-11-08,-5.5,Starbucks,Coffee,acc_001,Coffee purchase
2023-11-08,-120,Whole Foods,Groceries,acc_001,Grocery shopping
2023-11-09,-14.99,HelloFresh,Subscriptions,acc_001,Weekly subscription
2023-11-10,-4.25,Local Coffee,Coffee,acc_001,Coffee purchase
2023-11-11,-120,Whole Foods,Groceries,acc_001,Grocery shopping
2023-11-11,-60,Local Bistro,Restaurants,acc_001,Friday dinner
2023-11-12,-4.25,Local Coffee,Coffee,acc_001,Coffee purchase
2023-11-12,-4.25,Dunkin,Coffee,acc_001,Coffee purchase
2023-11-13,-5.5,Local Coffee,Coffee,acc_001,Coffee purchase
2023-11-13,-4.25,Starbucks,Coffee,acc_001,Coffee purchase
2023-11-14,-12.99,Blue Apron,Subscriptions,acc_001,Weekly subscription
2023-11-14,-5.5,Starbucks,Coffee,acc_001,Coffee purchase
2023-11-15,-120,Whole Foods,Groceries,acc_001,Grocery shopping
2023-11-16,1800,Employer,Income,acc_001,Salary deposit
2023-11-16,-15.99,Netflix,Subscriptions,acc_001,Monthly subscription
2023-11-16,-14.99,HelloFresh,Subscriptions,acc_001,Weekly subscription
2023-11-16,-25,Gym Membership,Subscriptions,acc_001,Bi-weekly subscription
2023-11-16,-4.25,Starbucks,Coffee,acc_001,Coffee purchase
2023-11-16,-5.5,Starbucks,Coffee,acc_001,Coffee purchase
2023-11-17,-10.99,Spotify,Subscriptions,acc_001,Monthly subscription
2023-11-17,-5.5,Local Coffee,Coffee,acc_001,Coffee purchase
2023-11-18,-2.99,Apple iCloud,Subscriptions,acc_001,Monthly subscription
2023-11-18,-45,Cleaning Service,Subscriptions,acc_001,Bi-weekly subscription
2023-11-18,-5.5,Local Coffee,Coffee,acc_001,Coffee purchase
2023-11-18,-32,Sweetgreen,Restaurants,acc_001,Friday dinner
2023-11-19,-3.5,Starbucks,Coffee,acc_001,Coffee purchase
2023-11-19,-3.5,Starbucks,Coffee,acc_001,Coffee purchase
2023-11-19,-30,Lyft,Rideshare,acc_001,Weekend ride
2023-11-20,-4.25,Dunkin,Coffee,acc_001,Coffee purchase
2023-11-20,-24,Lyft,Rideshare,acc_001,Weekend ride
2023-11-21,-12.99,Blue Apron,Subscriptions,acc_001,Weekly subscription
2023-11-21,-5.5,Dunkin,Coffee,acc_001,Coffee purchase
2023-11-21,-4.25,Dunkin,Coffee,acc_001,Coffee purchase
2023-11-21,-72,Whole Foods,Groceries,acc_001,Grocery shopping
2023-11-22,-4.25,Local Coffee,Coffee,acc_001,Coffee purchase
2023-11-22,-96,Whole Foods,Groceries,acc_001,Grocery shopping
2023-11-23,-14.99,HelloFresh,Subscriptions,acc_001,Weekly subscription
2023-11-23,-3.5,Dunkin,Coffee,acc_001,Coffee purchase
2023-11-24,-5.5,Dunkin,Coffee,acc_001,Coffee purchase
2023-11-25,-3.5,Local Coffee,Coffee,acc_001,Coffee purchase
2023-11-25,-4.25,Local Coffee,Coffee,acc_001,Coffee purchase
2023-11-25,-32,Chipotle,Restaurants,acc_001,Friday dinner
2023-11-26,-4.25,Dunkin,Coffee,acc_001,Coffee purchase
2023-11-26,-4.25,Starbucks,Coffee,acc_001,Coffee purchase
2023-11-26,-30,Lyft,Rideshare,acc_001,Weekend ride
2023-11-28,-12.99,Blue Apron,Subscriptions,acc_001,Weekly subscription
2023-11-28,-3.5,Dunkin,Coffee,acc_001,Coffee purchase
2023-11-29,-4.25,Local Coffee,Coffee,acc_001,Coffee purchase
2023-11-29,-55,Whole Foods,Groceries,acc_001,Grocery shopping
2023-11-30,-14.99,HelloFresh,Subscriptions,acc_001,Weekly subscription
2023-11-30,-3.5,Starbucks,Coffee,acc_001,Coffee purchase
2023-12-01,-55,Whole Foods,Groceries,acc_001,Grocery shopping
2023-12-02,1800,Employer,Income,acc_001,Salary deposit
2023-12-02,-25,Gym Membership,Subscriptions,acc_001,Bi-weekly subscription
2023-12-02,-3.5,Local Coffee,Coffee,acc_001,Coffee purchase
2023-12-02,-4.25,Local Coffee,Coffee,acc_001,Coffee purchase
2023-12-02,-60,Chipotle,Restaurants,acc_001,Friday dinner
2023-12-03,-12,Lyft,Rideshare,acc_001,Weekend ride
2023-12-04,-45,Cleaning Service,Subscriptions,acc_001,Bi-weekly subscription
2023-12-04,-5.5,Dunkin,Coffee,acc_001,Coffee purchase
2023-12-04,-12,Uber,Rideshare,acc_001,Weekend ride
2023-12-05,-12.99,Blue Apron,Subscriptions,acc_001,Weekly subscription
2023-12-06,-5.5,Starbucks,Coffee,acc_001,Coffee purchase
2023-12-07,-14.99,HelloFresh,Subscriptions,acc_001,Weekly subscription
2023-12-07,-5.5,Local Coffee,Coffee,acc_001,Coffee purchase
2023-12-08,-3.5,Starbucks,Coffee,acc_001,Coffee purchase
2023-12-08,-120,Whole Foods,Groceries,acc_001,Grocery shopping
2023-12-09,-3.5,Dunkin,Coffee,acc_001,Coffee purchase
2023-12-09,-60,Local Bistro,Restaurants,acc_001,Friday dinner
2023-12-10,-3.5,Starbucks,Coffee,acc_001,Coffee purchase
2023-12-10,-18,Uber,Rideshare,acc_001,Weekend ride
2023-12-11,-5.5,Dunkin,Coffee,acc_001,Coffee purchase
2023-12-11,-12,Uber,Rideshare,acc_001,Weekend ride
2023-12-11,-96,Whole Foods,Groceries,acc_001,Grocery shopping
2023-12-12,-12.99,Blue Apron,Subscriptions,acc_001,Weekly subscription
2023-12-12,-5.5,Starbucks,Coffee,acc_001,Coffee purchase
2023-12-12,-5.5,Starbucks,Coffee,acc_001,Coffee purchase
2023-12-13,-4.25,Local Coffee,Coffee,acc_001,Coffee purchase
2023-12-14,-14.99,HelloFresh,Subscriptions,acc_001,Weekly subscription
2023-12-14,-5.5,Dunkin,Coffee,acc_001,Coffee purchase
2023-12-15,-3.5,Dunkin,Coffee,acc_001,Coffee purchase
2023-12-15,-96,Whole Foods,Groceries,acc_001,Grocery shopping
2023-12-16,1800,Employer,Income,acc_001,Salary deposit
2023-12-16,-15.99,Netflix,Subscriptions,acc_001,Monthly subscription
2023-12-16,-25,Gym Membership,Subscriptions,acc_001,Bi-weekly subscription
2023-12-16,-5.5,Starbucks,Coffee,acc_001,Coffee purchase
2023-12-16,-3.5,Starbucks,Coffee,acc_001,Coffee purchase
2023-12-17,-10.99,Spotify,Subscriptions,acc_001,Monthly subscription
2023-12-17,-3.5,Dunkin,Coffee,acc_001,Coffee purchase
2023-12-17,-12,Uber,Rideshare,acc_001,Weekend ride
2023-12-18,-2.99,Apple iCloud,Subscriptions,acc_001,Monthly subscription
2023-12-18,-45,Cleaning Service,Subscriptions,acc_001,Bi-weekly subscription
2023-12-18,-5.5,Dunkin,Coffee,acc_001,Coffee purchase
2023-12-18,-5.5,Dunkin,Coffee,acc_001,Coffee purchase
2023-12-19,-12.99,Blue Apron,Subscriptions,acc_001,Weekly subscription
2023-12-20,-3.5,Local Coffee,Coffee,acc_001,Coffee purchase
2023-12-21,-14.99,HelloFresh,Subscriptions,acc_001,Weekly subscription
2023-12-21,-5.5,Dunkin,Coffee,acc_001,Coffee purchase
2023-12-21,-96,Whole Foods,Groceries,acc_001,Grocery shopping
2023-12-22,-3.5,Starbucks,Coffee,acc_001,Coffee purchase
2023-12-22,-3.5,Dunkin,Coffee,acc_001,Coffee purchase
2023-12-22,-96,Whole Foods,Groceries,acc_001,Grocery shopping
2023-12-23,-5.5,Dunkin,Coffee,acc_001,Coffee purchase
2023-12-23,-3.5,Local Coffee,Coffee,acc_001,Coffee purchase
2023-12-23,-32,Sweetgreen,Restaurants,acc_001,Friday dinner
2023-12-25,-4.25,Starbucks,Coffee,acc_001,Coffee purchase
2023-12-25,-24,Lyft,Rideshare,acc_001,Weekend ride
2023-12-26,-12.99,Blue Apron,Subscriptions,acc_001,Weekly subscription
2023-12-26,-3.5,Local Coffee,Coffee,acc_001,Coffee purchase
2023-12-27,-4.25,Dunkin,Coffee,acc_001,Coffee purchase
2023-12-27,-3.5,Local Coffee,Coffee,acc_001,Coffee purchase
2023-12-28,-14.99,HelloFresh,Subscriptions,acc_001,Weekly subscription
2023-12-28,-3.5,Local Coffee,Coffee,acc_001,Coffee purchase
2023-12-29,-72,Whole Foods,Groceries,acc_001,Grocery shopping
2023-12-30,-5.5,Starbucks,Coffee,acc_001,Coffee purchase
2023-12-30,-3.5,Dunkin,Coffee,acc_001,Coffee purchase
2023-12-30,-45,Sweetgreen,Restaurants,acc_001,Friday dinner
2023-12-31,-4.25,Local Coffee,Coffee,acc_001,Coffee purchase
2023-12-31,-5.5,Local Coffee,Coffee,acc_001,Coffee purchase
2023-12-31,-30,Uber,Rideshare,acc_001,Weekend ride
2023-12-31,-55,Whole Foods,Groceries,acc_001,Grocery shopping
2024-01-02,1800,Employer,Income,acc_001,Salary deposit
2024-01-02,-12.99,Blue Apron,Subscriptions,acc_001,Weekly subscription
2024-01-02,-25,Gym Membership,Subscriptions,acc_001,Bi-weekly subscription
2024-01-02,-52.99,Adobe Creative,Subscriptions,acc_001,Quarterly subscription
2024-01-02,-139,Amazon Prime,Subscriptions,acc_001,Annual subscription
2024-01-02,-5.5,Dunkin,Coffee,acc_001,Coffee purchase
2024-01-03,-3.5,Local Coffee,Coffee,acc_001,Coffee purchase
2024-01-03,-4.25,Dunkin,Coffee,acc_001,Coffee purchase
2024-01-04,-14.99,HelloFresh,Subscriptions,acc_001,Weekly subscription
2024-01-04,-45,Cleaning Service,Subscriptions,acc_001,Bi-weekly subscription
2024-01-04,-5.5,Dunkin,Coffee,acc_001,Coffee purchase
2024-01-05,-3.5,Starbucks,Coffee,acc_001,Coffee purchase
2024-01-06,-4.25,Dunkin,Coffee,acc_001,Coffee purchase
2024-01-06,-60,Local Bistro,Restaurants,acc_001,Friday dinner
2024-01-07,-3.5,Dunkin,Coffee,acc_001,Coffee purchase
2024-01-07,-30,Uber,Rideshare,acc_001,Weekend ride
2024-01-08,-12,Uber,Rideshare,acc_001,Weekend ride
2024-01-08,-120,Whole Foods,Groceries,acc_001,Grocery shopping
2024-01-09,-12.99,Blue Apron,Subscriptions,acc_001,Weekly subscription
2024-01-09,-4.25,Dunkin,Coffee,acc_001,Coffee purchase
2024-01-09,-3.5,Starbucks,Coffee,acc_001,Coffee purchase
2024-01-10,-3.5,Dunkin,Coffee,acc_001,Coffee purchase
2024-01-11,-14.99,HelloFresh,Subscriptions,acc_001,Weekly subscription
2024-01-11,-4.25,Starbucks,Coffee,acc_001,Coffee purchase
2024-01-11,-4.25,Dunkin,Coffee,acc_001,Coffee purchase
2024-01-11,-120,Whole Foods,Groceries,acc_001,Grocery shopping
2024-01-12,-3.5,Starbucks,Coffee,acc_001,Coffee purchase
2024-01-13,-4.25,Starbucks,Coffee,acc_001,Coffee purchase
2024-01-13,-32,Sweetgreen,Restaurants,acc_001,Friday dinner
2024-01-14,-3.5,Starbucks,Coffee,acc_001,Coffee purchase
2024-01-14,-30,Uber,Rideshare,acc_001,Weekend ride
2024-01-15,-4.25,Starbucks,Coffee,acc_001,Coffee purchase
2024-01-15,-24,Uber,Rideshare,acc_001,Weekend ride
2024-01-15,-72,Whole Foods,Groceries,acc_001,Grocery shopping
2024-01-16,1800,Employer,Income,acc_001,Salary deposit
2024-01-16,-15.99,Netflix,Subscriptions,acc_001,Monthly subscription
2024-01-16,-12.99,Blue Apron,Subscriptions,acc_001,Weekly subscription
2024-01-16,-25,Gym Membership,Subscriptions,acc_001,Bi-weekly subscription
2024-01-16,-29.99,Microsoft 365,Subscriptions,acc_001,Quarterly subscription
2024-01-17,-10.99,Spotify,Subscriptions,acc_001,Monthly subscription
2024-01-18,-2.99,Apple iCloud,Subscriptions,acc_001,Monthly subscription
2024-01-18,-14.99,HelloFresh,Subscriptions,acc_001,Weekly subscription
2024-01-18,-45,Cleaning Service,Subscriptions,acc_001,Bi-weekly subscription
2024-01-18,-3.5,Local Coffee,Coffee,acc_001,Coffee purchase
2024-01-19,-4.25,Starbucks,Coffee,acc_001,Coffee purchase
2024-01-19,-4.25,Local Coffee,Coffee,acc_001,Coffee purchase
2024-01-20,-5.5,Dunkin,Coffee,acc_001,Coffee purchase
2024-01-20,-45,Local Bistro,Restaurants,acc_001,Friday dinner
2024-01-21,-4.25,Local Coffee,Coffee,acc_001,Coffee purchase
2024-01-21,-96,Whole Foods,Groceries,acc_001,Grocery shopping
2024-01-22,-55,Whole Foods,Groceries,acc_001,Grocery shopping
2024-01-23,-12.99,Blue Apron,Subscriptions,acc_001,Weekly subscription
2024-01-23,-3.5,Starbucks,Coffee,acc_001,Coffee purchase
2024-01-24,-3.5,Local Coffee,Coffee,acc_001,Coffee purchase
2024-01-24,-3.5,Dunkin,Coffee,acc_001,Coffee purchase
2024-01-25,-14.99,HelloFresh,Subscriptions,acc_001,Weekly subscription
2024-01-25,-3.5,Local Coffee,Coffee,acc_001,Coffee purchase
2024-01-26,-3.5,Dunkin,Coffee,acc_001,Coffee purchase
2024-01-27,-5.5,Starbucks,Coffee,acc_001,Coffee purchase
2024-01-27,-45,Chipotle,Restaurants,acc_001,Friday dinner
2024-01-29,-4.25,Starbucks,Coffee,acc_001,Coffee purchase
2024-01-29,-4.25,Starbucks,Coffee,acc_001,Coffee purchase
2024-01-29,-30,Uber,Rideshare,acc_001,Weekend ride
2024-01-29,-72,Whole Foods,Groceries,acc_001,Grocery shopping
2024-01-30,-12.99,Blue Apron,Subscriptions,acc_001,Weekly subscription
2024-01-30,-4.25,Starbucks,Coffee,acc_001,Coffee purchase
2024-01-30,-5.5,Starbucks,Coffee,acc_001,Coffee purchase
2024-01-31,-4.25,Local Coffee,Coffee,acc_001,Coffee purchase
2024-01-31,-4.25,Dunkin,Coffee,acc_001,Coffee purchase
2024-01-31,-96,Whole Foods,Groceries,acc_001,Grocery shopping
2024-02-01,-14.99,HelloFresh,Subscriptions,acc_001,Weekly subscription
2024-02-01,-3.5,Dunkin,Coffee,acc_001,Coffee purchase
2024-02-02,1800,Employer,Income,acc_001,Salary deposit
2024-02-02,-25,Gym Membership,Subscriptions,acc_001,Bi-weekly subscription
2024-02-02,-60,Costco Membership,Subscriptions,acc_001,Annual subscription
2024-02-02,-3.5,Starbucks,Coffee,acc_001,Coffee purchase
2024-02-02,-5.5,Local Coffee,Coffee,acc_001,Coffee purchase
2024-02-03,-5.5,Starbucks,Coffee,acc_001,Coffee purchase
2024-02-03,-3.5,Starbucks,Coffee,acc_001,Coffee purchase
2024-02-03,-32,Local Bistro,Restaurants,acc_001,Friday dinner
2024-02-04,-45,Cleaning Service,Subscriptions,acc_001,Bi-weekly subscription
2024-02-04,-30,Uber,Rideshare,acc_001,Weekend ride
2024-02-05,-5.5,Dunkin,Coffee,acc_001,Coffee purchase
2024-02-05,-12,Uber,Rideshare,acc_001,Weekend ride
2024-02-06,-12.99,Blue Apron,Subscriptions,acc_001,Weekly subscription
2024-02-07,-4.25,Local Coffee,Coffee,acc_001,Coffee purchase
2024-02-08,-14.99,HelloFresh,Subscriptions,acc_001,Weekly subscription
2024-02-08,-3.5,Local Coffee,Coffee,acc_001,Coffee purchase
2024-02-08,-120,Whole Foods,Groceries,acc_001,Grocery shopping
2024-02-09,-4.25,Local Coffee,Coffee,acc_001,Coffee purchase
2024-02-10,-5.5,Dunkin,Coffee,acc_001,Coffee purchase
2024-02-10,-4.25,Starbucks,Coffee,acc_001,Coffee purchase
2024-02-10,-32,Sweetgreen,Restaurants,acc_001,Friday dinner
2024-02-11,-12,Uber,Rideshare,acc_001,Weekend ride
2024-02-11,-96,Whole Foods,Groceries,acc_001,Grocery shopping
2024-02-12,-4.25,Dunkin,Coffee,acc_001,Coffee purchase
2024-02-12,-12,Lyft,Rideshare,acc_001,Weekend ride
2024-02-13,-12.99,Blue Apron,Subscriptions,acc_001,Weekly subscription
2024-02-13,-3.5,Local Coffee,Coffee,acc_001,Coffee purchase
2024-02-15,-14.99,HelloFresh,Subscriptions,acc_001,Weekly subscription
2024-02-15,-4.25,Local Coffee,Coffee,acc_001,Coffee purchase
2024-02-15,-72,Whole Foods,Groceries,acc_001,Grocery shopping
2024-02-15,-210,Fancy Restaurant,Restaurants,acc_001,Birthday dinner celebration
2024-02-16,1800,Employer,Income,acc_001,Salary deposit
2024-02-16,-15.99,Netflix,Subscriptions,acc_001,Monthly subscription
2024-02-16,-25,Gym Membership,Subscriptions,acc_001,Bi-weekly subscription
2024-02-16,-4.25,Starbucks,Coffee,acc_001,Coffee purchase
2024-02-17,-10.99,Spotify,Subscriptions,acc_001,Monthly subscription
2024-02-17,-3.5,Local Coffee,Coffee,acc_001,Coffee purchase
2024-02-17,-25,Chipotle,Restaurants,acc_001,Friday dinner
2024-02-18,-2.99,Apple iCloud,Subscriptions,acc_001,Monthly subscription
2024-02-18,-45,Cleaning Service,Subscriptions,acc_001,Bi-weekly subscription
2024-02-18,-24,Lyft,Rideshare,acc_001,Weekend ride
2024-02-19,-24,Lyft,Rideshare,acc_001,Weekend ride
2024-02-20,-12.99,Blue Apron,Subscriptions,acc_001,Weekly subscription
2024-02-21,-3.5,Local Coffee,Coffee,acc_001,Coffee purchase
2024-02-21,-96,Whole Foods,Groceries,acc_001,Grocery shopping
2024-02-22,-14.99,HelloFresh,Subscriptions,acc_001,Weekly subscription
2024-02-22,-55,Whole Foods,Groceries,acc_001,Grocery shopping
2024-02-23,-4.25,Starbucks,Coffee,acc_001,Coffee purchase
2024-02-23,-4.25,Local Coffee,Coffee,acc_001,Coffee purchase
2024-02-25,-5.5,Local Coffee,Coffee,acc_001,Coffee purchase
2024-02-25,-12,Lyft,Rideshare,acc_001,Weekend ride
2024-02-26,-4.25,Dunkin,Coffee,acc_001,Coffee purchase
2024-02-26,-18,Uber,Rideshare,acc_001,Weekend ride
2024-02-27,-12.99,Blue Apron,Subscriptions,acc_001,Weekly subscription
2024-02-27,-5.5,Dunkin,Coffee,acc_001,Coffee purchase
2024-02-28,-3.5,Local Coffee,Coffee,acc_001,Coffee purchase
2024-02-28,-4.25,Dunkin,Coffee,acc_001,Coffee purchase
2024-02-29,-14.99,HelloFresh,Subscriptions,acc_001,Weekly subscription
2024-02-29,-96,Whole Foods,Groceries,acc_001,Grocery shopping
2024-03-02,1800,Employer,Income,acc_001,Salary deposit
2024-03-02,-25,Gym Membership,Subscriptions,acc_001,Bi-weekly subscription
2024-03-04,-45,Cleaning Service,Subscriptions,acc_001,Bi-weekly subscription
2024-03-04,-4.25,Starbucks,Coffee,acc_001,Coffee purchase
2024-03-05,-12.99,Blue Apron,Subscriptions,acc_001,Weekly subscription
2024-03-05,-4.25,Local Coffee,Coffee,acc_001,Coffee purchase
2024-03-06,-5.5,Dunkin,Coffee,acc_001,Coffee purchase
2024-03-06,-4.25,Local Coffee,Coffee,acc_001,Coffee purchase
2024-03-07,-14.99,HelloFresh,Subscriptions,acc_001,Weekly subscription
2024-03-08,-3.5,Starbucks,Coffee,acc_001,Coffee purchase
2024-03-08,-55,Whole Foods,Groceries,acc_001,Grocery shopping
2024-03-09,-5.5,Local Coffee,Coffee,acc_001,Coffee purchase
2024-03-09,-45,Sweetgreen,Restaurants,acc_001,Friday dinner
2024-03-10,-24,Uber,Rideshare,acc_001,Weekend ride
2024-03-10,-120,Whole Foods,Groceries,acc_001,Grocery shopping
2024-03-11,-12.99,Blue Apron,Subscriptions,acc_001,Weekly subscription
2024-03-11,-4.25,Starbucks,Coffee,acc_001,Coffee purchase
2024-03-12,-5.5,Dunkin,Coffee,acc_001,Coffee purchase
2024-03-13,-14.99,HelloFresh,Subscriptions,acc_001,Weekly subscription
2024-03-14,-3.5,Starbucks,Coffee,acc_001,Coffee purchase
2024-03-14,-5.5,Starbucks,Coffee,acc_001,Coffee purchase
2024-03-14,-72,Whole Foods,Groceries,acc_001,Grocery shopping
2024-03-15,1800,Employer,Income,acc_001,Salary deposit
2024-03-15,-15.99,Netflix,Subscriptions,acc_001,Monthly subscription
2024-03-15,-25,Gym Membership,Subscriptions,acc_001,Bi-weekly subscription
2024-03-15,-25,Local Bistro,Restaurants,acc_001,Friday dinner
2024-03-16,-10.99,Spotify,Subscriptions,acc_001,Monthly subscription
2024-03-16,-3.5,Local Coffee,Coffee,acc_001,Coffee purchase
2024-03-17,-2.99,Apple iCloud,Subscriptions,acc_001,Monthly subscription
2024-03-17,-45,Cleaning Service,Subscriptions,acc_001,Bi-weekly subscription
2024-03-17,-5.5,Starbucks,Coffee,acc_001,Coffee purchase
2024-03-18,-12.99,Blue Apron,Subscriptions,acc_001,Weekly subscription
2024-03-18,-4.25,Starbucks,Coffee,acc_001,Coffee purchase
2024-03-18,-5.5,Local Coffee,Coffee,acc_001,Coffee purchase
2024-03-20,-14.99,HelloFresh,Subscriptions,acc_001,Weekly subscription
2024-03-20,-4.25,Local Coffee,Coffee,acc_001,Coffee purchase
2024-03-20,-120,Whole Foods,Groceries,acc_001,Grocery shopping
2024-03-21,-3.5,Local Coffee,Coffee,acc_001,Coffee purchase
2024-03-21,-72,Whole Foods,Groceries,acc_001,Grocery shopping
2024-03-22,-4.25,Starbucks,Coffee,acc_001,Coffee purchase
2024-03-22,-4.25,Dunkin,Coffee,acc_001,Coffee purchase
2024-03-22,-45,Sweetgreen,Restaurants,acc_001,Friday dinner
2024-03-23,-4.25,Starbucks,Coffee,acc_001,Coffee purchase
2024-03-23,-24,Lyft,Rideshare,acc_001,Weekend ride
2024-03-24,-3.5,Local Coffee,Coffee,acc_001,Coffee purchase
2024-03-24,-24,Uber,Rideshare,acc_001,Weekend ride
2024-03-25,-12.99,Blue Apron,Subscriptions,acc_001,Weekly subscription
2024-03-25,-5.5,Local Coffee,Coffee,acc_001,Coffee purchase
2024-03-25,-3.5,Dunkin,Coffee,acc_001,Coffee purchase
2024-03-25,-7.99,MagApp Pro,Subscriptions,acc_001,Forgotten trial  paid
2024-03-27,-14.99,HelloFresh,Subscriptions,acc_001,Weekly subscription
2024-03-27,-3.5,Dunkin,Coffee,acc_001,Coffee purchase
2024-03-27,-4.25,Dunkin,Coffee,acc_001,Coffee purchase
2024-03-28,-4.25,Starbucks,Coffee,acc_001,Coffee purchase
2024-03-28,-96,Whole Foods,Groceries,acc_001,Grocery shopping
2024-03-29,-45,Local Bistro,Restaurants,acc_001,Friday dinner
2024-03-30,-3.5,Dunkin,Coffee,acc_001,Coffee purchase
2024-03-30,-5.5,Starbucks,Coffee,acc_001,Coffee purchase
2024-03-30,-24,Lyft,Rideshare,acc_001,Weekend ride
2024-03-30,-96,Whole Foods,Groceries,acc_001,Grocery shopping